<application>
  <component name="ExportableFileTemplateSettings">
    <default_templates>
      <template name="Curd Operations(CodeFountain).java" reformat="true" live-template-enabled="false">
        <template name="Curd Operations(CodeFountain).java.child.0.java" file-name="repositories/${NAME}" reformat="true" live-template-enabled="false" />
        <template name="Curd Operations(CodeFountain).java.child.1.java" file-name="entities/${NAME}" reformat="true" live-template-enabled="false" />
        <template name="Curd Operations(CodeFountain).java.child.2.java" file-name="dto/${NAME}" reformat="true" live-template-enabled="false" />
        <template name="Curd Operations(CodeFountain).java.child.3.java" file-name="controller/${NAME}" reformat="true" live-template-enabled="false" />
        <template name="Curd Operations(CodeFountain).java.child.4.java" file-name="services/impl/${NAME}" reformat="true" live-template-enabled="false" />
        <template name="Curd Operations(CodeFountain).java.child.5.java" file-name="services/${NAME}" reformat="true" live-template-enabled="false" />
      </template>
      <template name="Curd Operations(CodeFountain).java.child.0.java" file-name="repositories/${NAME}" reformat="true" live-template-enabled="false" />
      <template name="Curd Operations(CodeFountain).java.child.1.java" file-name="entities/${NAME}" reformat="true" live-template-enabled="false" />
      <template name="Curd Operations(CodeFountain).java.child.2.java" file-name="dto/${NAME}" reformat="true" live-template-enabled="false" />
      <template name="Curd Operations(CodeFountain).java.child.3.java" file-name="controller/${NAME}" reformat="true" live-template-enabled="false" />
      <template name="Curd Operations(CodeFountain).java.child.4.java" file-name="services/impl/${NAME}" reformat="true" live-template-enabled="false" />
      <template name="Curd Operations(CodeFountain).java.child.5.java" file-name="services/${NAME}" reformat="true" live-template-enabled="false" />
      <template name="Package Structure(CodeFountain).java" reformat="true" live-template-enabled="false">
        <template name="Package Structure(CodeFountain).java.child.0.java" file-name="services/impl/${NAME}" reformat="true" live-template-enabled="false" />
        <template name="Package Structure(CodeFountain).java.child.1.java" file-name="services/${NAME}" reformat="true" live-template-enabled="false" />
        <template name="Package Structure(CodeFountain).java.child.2.java" file-name="repositories/${NAME}" reformat="true" live-template-enabled="false" />
        <template name="Package Structure(CodeFountain).java.child.3.java" file-name="entities/${NAME}" reformat="true" live-template-enabled="false" />
        <template name="Package Structure(CodeFountain).java.child.4.java" file-name="dto/${NAME}" reformat="true" live-template-enabled="false" />
        <template name="Package Structure(CodeFountain).java.child.5.java" file-name="controller/${NAME}" reformat="true" live-template-enabled="false" />
      </template>
      <template name="Package Structure(CodeFountain).java.child.0.java" file-name="services/impl/${NAME}" reformat="true" live-template-enabled="false" />
      <template name="Package Structure(CodeFountain).java.child.1.java" file-name="services/${NAME}" reformat="true" live-template-enabled="false" />
      <template name="Package Structure(CodeFountain).java.child.2.java" file-name="repositories/${NAME}" reformat="true" live-template-enabled="false" />
      <template name="Package Structure(CodeFountain).java.child.3.java" file-name="entities/${NAME}" reformat="true" live-template-enabled="false" />
      <template name="Package Structure(CodeFountain).java.child.4.java" file-name="dto/${NAME}" reformat="true" live-template-enabled="false" />
      <template name="Package Structure(CodeFountain).java.child.5.java" file-name="controller/${NAME}" reformat="true" live-template-enabled="false" />
      <template name="ServiceImpl(CodeFountain).java" reformat="true" live-template-enabled="false">
        <template name="ServiceImpl(CodeFountain).java.child.0.java" file-name="impl/${NAME}" reformat="true" live-template-enabled="false" />
      </template>
      <template name="ServiceImpl(CodeFountain).java.child.0.java" file-name="impl/${NAME}" reformat="true" live-template-enabled="false" />
    </default_templates>
  </component>
</application>